Date,Index Name,Open,High,Low,Close,Points Change,Change(%),Volume(Cr.),Turnover (Rs.Cr.),P/E,P/B,Div Yield
1/1/2026,BSE SENSEX,85255.55,85451.70,85101.52,85188.60,-32.00,-0.0375496065500,2.06,1545.97,23.50,4.57,1.13
1/1/2026,BSE 100,27370.81,27414.71,27320.73,27375.98,31.26,0.1143182303500,4.86,2291.09,23.21,4.30,1.19
1/1/2026,BSE 200,11821.42,11840.41,11796.58,11830.58,22.17,0.1877475460200,27.70,3079.37,24.57,4.50,1.13
1/1/2026,BSE 500,37486.31,37528.80,37385.84,37497.10,53.69,0.1433897179700,32.68,4312.55,25.24,4.46,1.07
1/1/2026,BSE CAPITAL GOODS,67211.62,67325.33,66739.77,67259.78,147.78,0.2201990702100,0.52,207.72,53.47,13.28,0.43
1/1/2026,BSE CONSUMER DURABLES,60096.27,60151.18,59845.72,59963.66,-39.92,-0.0665293637400,0.04,94.00,66.00,16.40,0.50
1/1/2026,BSE PSU,20604.14,20669.53,20535.24,20655.83,88.12,0.4284385573300,2.90,788.03,11.86,2.24,2.55
1/1/2026,BSE TECK,18503.34,18701.66,18503.34,18645.22,135.33,0.7311226592900,21.79,589.27,29.77,9.36,1.84
1/1/2026,BSE BANKEX,66781.56,66953.72,66714.80,66909.85,149.92,0.2245658436100,1.33,479.41,16.02,2.37,0.99
1/1/2026,BSE AUTO,62722.21,63186.99,62642.51,63149.30,592.67,0.9474135675100,0.32,224.52,32.92,6.97,1.07
1/1/2026,BSE METAL,36920.33,37162.97,36766.51,37115.17,303.44,0.8243024709700,0.54,139.90,20.46,3.18,1.40
1/1/2026,BSE OIL & GAS,28775.48,28955.28,28597.38,28685.36,-23.47,-0.0817518512500,0.37,253.06,10.51,1.72,3.09
1/1/2026,BSE DOLLEX 30,7787.68,7805.60,7765.09,7773.03,-11.46,-0.1472158098900,,,23.50,4.57,1.13
1/1/2026,BSE DOLLEX 100,3150.36,3155.41,3144.60,3147.48,0.14,0.0044482007000,,,23.21,4.30,1.19
1/1/2026,BSE DOLLEX 200,2189.77,2193.05,2185.17,2189.05,1.71,0.0781771466700,,,24.57,4.50,1.13
1/1/2026,BSE REALTY,6822.00,6872.25,6778.34,6863.86,56.93,0.8363535397000,0.04,45.45,43.72,5.51,0.34
1/1/2026,BSE POWER,6508.45,6582.83,6508.43,6577.13,73.83,1.1352697861000,1.49,217.17,29.80,4.16,1.25
1/1/2026,BSE IPO,15718.59,15756.93,15606.98,15633.56,-90.31,-0.5743496988900,0.60,244.50,95.70,44.92,0.12
1/1/2026,BSE SME IPO,95915.61,96300.75,95766.09,96108.39,35.56,0.0370135864600,0.58,73.82,10.65,11.49,0.03
1/1/2026,BSE India Infrastructure Index,582.09,586.86,581.97,586.46,6.04,1.0406257537600,1.69,398.31,15.56,2.91,1.80
1/1/2026,BSE CPSE,3837.16,3847.34,3816.99,3844.03,15.07,0.3935794576000,1.71,533.91,14.47,2.55,2.82
1/1/2026,BSE MidCap,47015.30,47116.32,46782.80,47081.61,127.27,0.2710505567700,3.69,721.08,32.64,5.02,0.76
1/1/2026,BSE SmallCap,51573.66,51655.77,51356.65,51515.35,-10.11,-0.0196213677600,12.25,2100.49,32.53,3.61,0.64
1/1/2026,BSE Fast Moving Consumer Goods,20348.38,20354.78,19667.63,19741.98,-603.16,-2.9646392209600,1.63,747.23,37.75,8.26,1.83
1/1/2026,BSE Healthcare,43870.21,43870.21,43538.75,43735.00,-66.94,-0.1528242812900,0.31,127.82,38.60,6.61,0.53
1/1/2026,BSE Information Technology,36679.82,37047.52,36679.81,36946.31,211.13,0.5747351721100,0.65,358.39,27.80,7.75,2.28
1/1/2026,BSE India Manufacturing Index,1109.14,1109.75,1100.69,1103.23,-4.53,-0.4089333429600,1.73,1014.43,21.71,3.98,1.66
1/1/2026,BSE AllCap,10896.79,10896.79,10896.79,10896.79,15.98,0.1468640661800,41.63,5471.74,25.77,4.35,1.04
1/1/2026,BSE Commodities,8085.96,8104.76,8047.32,8099.51,33.40,0.4140781615900,1.80,738.54,26.40,3.30,0.95
1/1/2026,BSE Consumer Discretionary,9875.04,9913.79,9852.91,9907.89,49.34,0.5004792794000,6.00,728.58,48.18,7.16,0.65
1/1/2026,BSE Energy,12254.83,12329.98,12213.48,12240.40,11.80,0.0964951016400,0.54,297.08,11.76,2.03,2.74
1/1/2026,BSE Financial Services,13184.73,13208.17,13157.54,13187.44,13.03,0.0989038598300,3.67,995.47,18.62,3.12,0.87
1/1/2026,BSE Industrials,14743.32,14813.58,14707.88,14804.41,80.88,0.5493247882800,2.20,781.21,36.60,7.19,0.60
1/1/2026,BSE LargeCap,10036.83,10053.86,10019.36,10041.63,15.68,0.1563941571600,25.69,2650.18,23.71,4.43,1.18
1/1/2026,BSE MidCap Select Index,17580.82,17658.97,17512.19,17634.83,80.40,0.4580040479800,1.31,270.06,37.04,5.47,0.58
1/1/2026,BSE SmallCap Select Index,8098.91,8098.91,8023.92,8062.65,-18.99,-0.2349770591100,1.20,548.69,30.21,3.81,0.71
1/1/2026,BSE Telecommunication,3139.30,3192.08,3133.55,3175.53,52.80,1.6908282176100,22.16,360.84,-92.10,-10.63,0.43
1/1/2026,BSE Utilities,5142.35,5223.50,5139.08,5216.04,77.66,1.5113712882200,2.15,240.40,22.60,3.00,1.69
1/1/2026,BSE SENSEX 50,27304.27,27353.11,27263.47,27297.05,12.58,0.0461068146000,2.33,1713.33,23.28,4.37,1.16
1/1/2026,BSE SENSEX Next 50,87020.67,87254.40,86732.30,87206.26,353.81,0.4073690494600,2.53,577.77,22.90,4.05,1.31
1/1/2026,BSE Bharat 22 Index,9124.16,9128.09,9023.95,9052.51,-64.15,-0.7036568216800,1.99,836.64,13.69,2.75,2.71
1/1/2026,BSE 100 ESG Index,436.87,437.56,436.07,436.96,0.51,0.1168518730600,4.82,2270.53,23.33,4.29,1.22
1/1/2026,BSE 150 MidCap Index,16459.24,16497.89,16381.11,16489.59,60.40,0.3676383315300,24.45,1269.45,35.56,5.40,0.76
1/1/2026,BSE 250 SmallCap Index,6676.28,6685.34,6637.78,6662.99,-4.49,-0.0673417843000,4.20,841.30,32.08,3.94,0.70
1/1/2026,BSE 250 LargeMidCap Index,11202.92,11217.82,11176.44,11208.78,18.48,0.1651430256500,28.48,3471.25,24.70,4.52,1.11
1/1/2026,BSE 400 MidSmallCap Index,12163.19,12177.76,12101.48,12170.35,27.35,0.2252326443200,28.65,2110.75,34.34,4.82,0.74
1/1/2026,BSE Dividend Stability Index,1059.03,1059.66,1053.51,1057.90,0.94,0.0889343021400,2.33,1600.95,13.96,3.01,2.82
1/1/2026,BSE Enhanced Value Index,1055.11,1057.03,1050.15,1055.31,2.68,0.2546003819000,1.61,395.44,9.30,1.63,2.73
1/1/2026,BSE Low Volatility Index,1892.51,1893.50,1881.20,1884.45,-5.20,-0.2751832349900,1.70,1171.77,27.57,5.54,1.09
1/1/2026,BSE Momentum Index,2217.58,2219.19,2205.78,2215.77,1.78,0.0803978337700,0.44,534.98,44.59,8.39,0.77
1/1/2026,BSE Quality Index ,1885.08,1885.80,1871.59,1877.54,-6.01,-0.3190783361200,1.46,768.02,27.97,10.19,2.37
1/1/2026,BSE Diversified Financials Revenue Growth Index,1697.47,1700.26,1690.10,1699.20,3.10,0.1827722422000,0.84,579.50,29.67,3.82,0.48
1/1/2026,BSE 100 LargeCap TMC Index,9642.61,9659.39,9625.93,9644.22,10.66,0.1106548358000,4.03,2201.80,22.82,4.33,1.21
1/1/2026,BSE Private Banks Index,21112.72,21157.24,21071.72,21126.71,19.79,0.0937607192300,0.95,344.70,21.45,2.80,0.63
1/1/2026,BSE Services,1548.89,1559.26,1546.96,1556.27,9.87,0.6382565959600,0.54,96.20,31.78,6.24,0.66
1/1/2026,BSE SENSEX NEXT 30,40495.59,40591.40,40307.44,40570.75,176.55,0.4370676978300,0.72,265.51,22.14,4.06,1.36
1/1/2026,BSE SENSEX SIXTY,35112.55,35171.30,35052.91,35103.83,20.62,0.0587745534100,2.78,1811.48,23.21,4.46,1.17
1/1/2026,BSE SENSEX SIXTY 65:35,35603.17,35648.26,35522.68,35608.75,46.77,0.1315168615400,2.78,1811.48,23.00,4.37,1.19
1/1/2026,BSE POWER & ENERGY,3869.80,3906.78,3868.93,3893.88,29.80,0.7712055651000,2.44,499.81,14.51,2.35,2.44
1/1/2026,BSE 200 EQUAL WEIGHT INDEX,13410.94,13455.22,13367.14,13447.72,61.34,0.4582269441000,27.70,3079.37,28.09,4.78,1.03
1/1/2026,BSE INTERNET ECONOMY,3142.13,3161.57,3136.12,3144.94,12.20,0.3894354462800,21.28,369.30,1877.39,18.91,0.42
1/1/2026,BSE CAPITAL MARKETS & INSURANCE,2404.07,2405.69,2388.06,2396.47,-6.98,-0.2904158605300,0.12,103.60,43.42,9.56,0.80
1/1/2026,BSE Focused IT ,44179.82,44567.05,44179.82,44484.21,245.59,0.5551484200900,0.16,232.24,28.68,7.89,2.60
1/1/2026,BSE PREMIUM CONSUMPTION,5476.58,5499.66,5469.35,5489.28,18.46,0.3374265649300,0.28,245.73,51.66,10.55,0.48
1/1/2026,BSE FOCUSED MIDCAP,24874.75,24942.55,24743.45,24913.20,71.06,0.2860462101800,1.15,241.39,31.57,4.39,0.67
1/1/2026,BSE SELECT BUSINESS GROUPS,4595.79,4630.79,4595.02,4624.51,36.58,0.7973094620000,22.32,905.74,28.77,4.33,0.66
1/1/2026,BSE SENSEX EQUAL WEIGHT,82666.85,82840.06,82542.68,82746.66,135.88,0.1644821656400,2.06,1545.97,27.81,5.43,1.14
1/1/2026,BSE SELECT IPO,4636.02,4636.95,4607.63,4623.93,-2.87,-0.0620299126800,1.78,287.96,75.58,7.64,0.33
1/1/2026,BSE PSU BANK,4842.35,4884.82,4827.14,4861.43,21.78,0.4500325436700,0.92,176.14,8.63,1.58,2.24
1/1/2026,BSE INDIA SECTOR LEADERS,15500.72,15524.75,15462.33,15495.67,10.22,0.0659974363000,2.48,1675.03,25.37,4.61,1.17
1/1/2026,BSE 1000,11120.44,11133.74,11091.34,11124.56,16.29,0.1466474977600,35.85,5070.51,25.54,4.39,1.05
1/1/2026,BSE NEXT 500,15025.55,15025.55,15025.55,15025.55,30.84,0.2056725338400,3.16,757.96,32.41,3.38,0.64
1/1/2026,BSE 250 MICROCAP,17062.91,17062.91,17062.91,17062.91,23.66,0.1388558768700,1.82,408.74,29.31,3.75,0.64
1/1/2026,BSE Next 250 MICROCAP,4908.06,4908.06,4908.06,4908.06,18.45,0.3773307073500,1.34,349.21,44.48,2.71,0.64
1/1/2026,BSE 1000 MULTICAP EQUAL SIZE WEIGHTED (25%),15809.31,15809.31,15809.31,15809.31,24.33,0.1541338664900,35.85,5070.51,29.87,4.15,0.81
1/1/2026,BSE 500 Enhanced Value 50,18163.10,18163.10,18163.10,18163.10,55.13,0.3044515757400,1.91,493.52,9.07,1.64,2.97
1/1/2026,BSE 500 Quality 50,21862.57,21869.63,21686.21,21770.19,-71.24,-0.3261691198700,1.91,928.32,31.84,11.98,1.68
1/1/2026,BSE India 150,19510.57,19539.80,19471.67,19521.53,29.92,0.1535019426300,5.37,2574.19,24.21,4.45,1.14
1/1/2026,BSE 500 Dividend Leaders 50,3642.24,3642.24,3642.24,3642.24,5.88,0.1617001617000,2.39,939.73,12.31,2.62,3.41
1/1/2026,BSE 500 Low Volatility 50,16379.60,16379.60,16379.60,16379.60,-30.74,-0.1873209208300,1.83,1399.23,30.27,5.96,1.02
1/1/2026,BSE 500 Momentum 50 ,44309.04,44470.39,44130.52,44439.96,195.21,0.4412048887100,0.62,411.05,31.29,6.18,0.91
1/1/2026,BSE Insurance,1803.90,1803.90,1803.90,1803.90,3.02,0.1676957931600,0.03,14.64,50.02,8.07,0.37
1/1/2026,BSE India Defence ,6643.46,6643.46,6643.46,6643.46,7.24,0.1090982517100,0.30,289.79,49.66,10.54,0.53
1/1/2026,BSE CAPITAL MARKETS,3499.22,3499.22,3499.22,3499.22,-21.99,-0.6245012367900,0.10,93.74,39.89,12.64,1.19
1/1/2026,BSE Hospitals,4742.56,4742.56,4742.56,4742.56,33.09,0.7026268348600,0.02,20.88,64.15,10.97,0.20
1/1/2026,BSE Multicap Consumption (50:30:20),11516.59,11516.59,11516.59,11516.59,-53.05,-0.4585276637800,2.85,1143.22,45.53,8.26,0.97
1/1/2026,BSE Top 10 Banks,18068.50,18068.50,18068.50,18068.50,35.25,0.1954722526400,0.56,432.47,18.31,2.90,1.21
1/1/2026,BSE LARGECAP 100 MOMENTUM 30,21590.86,21590.86,21590.86,21590.86,68.15,0.3166422815700,1.00,779.20,21.00,4.13,1.25
1/1/2026,BSE LARGECAP 100 LOW VOLATILITY 30,20754.27,20754.27,20754.27,20754.27,-50.47,-0.2425889484800,1.75,1277.54,27.60,5.41,1.23
1/1/2026,BSE LARGECAP 100 ENHANCED VALUE 30,10888.37,10888.37,10888.37,10888.37,55.95,0.5165050838100,1.45,804.02,9.84,1.91,2.66
1/1/2026,BSE LARGECAP 100 QUALITY 30,20494.14,20494.14,20494.14,20494.14,-71.04,-0.3454382602000,1.50,814.83,32.72,10.30,1.85
1/1/2026,BSE LargeMidCap,11068.52,11068.52,11068.52,11068.52,19.44,0.1759422503900,29.38,3371.26,24.87,4.52,1.11
1/1/2026,BSE MidSmallCap,13177.74,13177.74,13177.74,13177.74,16.30,0.1238466307600,15.94,2821.56,32.58,4.19,0.70
1/1/2026,BSE 500 Shariah,9979.29,9979.29,9979.29,9979.29,46.13,0.4644040768400,3.28,1792.52,30.19,5.56,1.13
1/1/2026,BSE India 10 Year Sovereign Bond ,,,,111.21,-0.11,-0.0988142292400,,,,,
1/1/2026,BSE SENSEX Next 50 TMC,14262.59,14262.59,14262.59,14262.59,75.02,0.5287727214700,1.64,501.12,20.46,4.18,1.30
1/1/2026,BSE SENSEX 50 TMC,8818.42,8818.42,8818.42,8818.42,0.76,0.0086190667300,2.39,1700.68,23.48,4.37,1.18
1/1/2026,BSE Financials Ex-Banks 30 Index ,10317.24,10317.24,10317.24,10317.24,12.15,0.1179029004100,0.48,259.96,24.06,4.17,0.79
1/1/2026,BSE Housing Index,3369.53,3369.53,3369.53,3369.53,25.70,0.7685797423900,0.21,167.21,35.56,5.27,0.46
1/1/2026,BSE REITs and InvITs Index,151.25,151.25,151.25,151.25,0.52,0.3449877263900,0.02,2.12,12.11,,6.67
1/1/2026,BSE 250 LARGEMIDCAP 65:35 INDEX,,,,12390.82,24.81,0.2000000000000,,,,,
1/1/2026,BSE ARBITRAGE RATE INDEX,,,,2825.65,1.18,0.0400000000000,,,,,
1/1/2026,BSE LIQUID RATE INDEX,,,,1710.88,0.24,0.0100000000000,,,,,
